v2_rank,event_date,event_name,v2_event_strength_score,ranking_depth_index,clean_rank30_card_quality,star_experience_score,main_event_score,fanfare_score
1,2021-12-11,UFC 269: Oliveira vs. Poirier,89.41398005652009,91.66334795430154,91.792600536348,92.02347447,79.84687477,93.77906977
2,2017-11-04,UFC 217: Bisping vs. St-Pierre,84.08284321149391,94.74962403776864,95.68370061911719,96.68902266,84.55008867,1.957364341
3,2017-07-29,UFC 214: Cormier vs. Jones 2,84.02539804271298,96.59153327256084,92.75939015372386,96.22601869,89.39533916,5.19379845
4,2026-06-14,UFC Freedom 250,83.8459082117487,91.53388366858726,94.42107237880148,99.90239141,82.60908584,2.596899225
5,2016-11-12,UFC 205: Alvarez vs McGregor,83.67341792396444,99.1166932643032,96.13911063687921,98.02918643,47.91389027,73.41950157
6,2013-12-28,UFC 168: Weidman vs Silva 2,81.39077570365451,82.18941112523466,76.28628175454143,87.6417042,85.81288001,
7,2024-04-13,UFC 300: Pereira vs. Hill,81.00584800406247,96.97847147480802,92.61201488144016,99.72058177,60.65638576,31.21388302
8,2010-04-10,UFC 112: Invincible,80.98205514457894,,80.43623681330662,87.64249895,75.46286785,
9,2021-03-06,UFC 259: Blachowicz vs. Adesanya,80.21743419829112,95.23378829595748,84.15301996926523,83.16511362,69.04080271,
10,2018-10-06,UFC 229: Khabib vs. McGregor,80.20839089801309,90.76885068829117,78.9841505013328,87.34799549,76.04958258,79.28214492
11,2025-12-06,UFC 323: Dvalishvili vs. Yan 2,80.20692638913805,93.94906224001583,93.58050362616966,95.20595817,73.12125885,1.279069767
12,2015-12-12,UFC 194: Aldo vs McGregor,79.84666605203408,93.63209795430154,90.58993804094364,84.95382262,74.02261949,32.00477289
13,2025-11-15,UFC 322: Della Maddalena vs. Makhachev,79.7009774073614,88.30376221249037,91.38015080339437,93.73471719,75.25499165,4.88372093
14,2016-12-30,UFC 207: Nunes vs. Rousey,79.64773719947326,93.7374000462366,90.7165466962462,92.94694122,63.69149999,34.57668653
15,2022-07-02,UFC 276: Adesanya vs. Cannonier,79.50639263803335,91.77941938287297,91.69275101115943,97.80715416,69.65326886,4.864341085
